URL,Primary keyword,Current Google rank,Current Bing rank,Target rank (Google),Target rank (Bing),Date last checked,Notes
/,india visa assistance,Not ranked,Not ranked,Top 20,Top 20,2026-10-10,Homepage in Bing index (stale title cache); rank via GSC query view once data arrives
/visa/tourist,india tourist visa,Not ranked,Not ranked,Top 10,Top 20,2026-10-10,
/visa/business,india business visa,Not ranked,Not ranked,Top 10,Top 20,2026-10-10,
/visa/medical,india medical visa,Not ranked,Not ranked,Top 20,Top 20,2026-10-10,
/visa/e-1,india e-1 visa,Not ranked,Not ranked,Top 20,Top 20,2026-10-10,
/visa/b-1,india b-1 visa,Not ranked,Not ranked,Top 20,Top 20,2026-10-10,
/visa/spouse,india spouse visa,Not ranked,Not ranked,Top 20,Top 20,2026-10-10,
/visa/student,india student visa,Not ranked,Not ranked,Top 20,Top 20,2026-10-10,
/visa/other,which india visa do i need,Not ranked,Not ranked,Top 20,Top 20,2026-10-10,
/about,india visa service company,Not ranked,Not ranked,Top 50,Top 50,2026-10-10,
/press,visa india expert media kit,Not ranked,Not ranked,n/a (brand),n/a (brand),2026-10-10,Brand/PR page — not a ranking target
/blog,india visa guides,Not ranked,Not ranked,Top 20,Top 20,2026-10-10,
/blog/india-tourist-visa-requirements,india tourist visa requirements,Not ranked,Not ranked,Top 20,Top 20,2026-10-10,
/blog/india-visa-processing-times-2026,india visa processing time,Not ranked,Not ranked,Top 20,Top 20,2026-10-10,
/blog/e-1-vs-b-1-visa-india,e-1 vs b-1 visa india,Not ranked,Not ranked,Top 20,Top 20,2026-10-10,
/blog/india-visa-rejection-reasons,india visa rejection reasons,Not ranked,Not ranked,Top 20,Top 20,2026-10-10,
/blog/india-e-visa-vs-embassy-visa,india e-visa vs embassy visa,Not ranked,Not ranked,Top 20,Top 20,2026-10-10,Published 2026-10-09
/blog/frro-registration-india-guide,frro registration india,Not ranked,Not ranked,Top 20,Top 20,2026-10-10,Published 2026-10-16 (calendar date)
/blog/india-visa-rejection-reapplication,india visa rejection reapply,Not ranked,Not ranked,Top 20,Top 20,2026-10-10,Published 2026-10-23 (calendar date)
/blog/india-spouse-visa-work-rights,india spouse visa work rights,Not ranked,Not ranked,Top 20,Top 20,2026-10-10,Published 2026-10-30 (calendar date)
/privacy,india visa service privacy policy,Not ranked,Not ranked,n/a,n/a,2026-10-10,Legal page — not a ranking target
/terms,india visa service terms and conditions,Not ranked,Not ranked,n/a,n/a,2026-10-10,Legal page — not a ranking target
/refund,india visa service refund policy,Not ranked,Not ranked,n/a,n/a,2026-10-10,Legal page — not a ranking target
/disclaimer,india visa service disclaimer,Not ranked,Not ranked,n/a,n/a,2026-10-10,Legal page — not a ranking target
